<?xml version="1.0" encoding="UTF-8" standalone="yes"?>
<SharedFlowBundle revision="1" name="LoggingFlow">
    <ConfigurationVersion majorVersion="4" minorVersion="0"/>
    <CreatedAt>1528278668253</CreatedAt>
    <CreatedBy>immanish4u@gmail.com</CreatedBy>
    <Description>shared flow for logging</Description>
    <DisplayName>LoggingFlow</DisplayName>
    <LastModifiedAt>1528279745284</LastModifiedAt>
    <LastModifiedBy>immanish4u@gmail.com</LastModifiedBy>
    <ManifestVersion>SHA-512:a276caa7e4eee59587ed4a20c5132c769aca224c1428b457cf37c28b94aee02b73f7e67c3e32a19e62c627335adc49396644273a3602325e6b71408fbe320073</ManifestVersion>
    <Policies>
        <Policy>MessageLogging</Policy>
        <Policy>StatisticsCollector</Policy>
    </Policies>
    <Resources/>
    <Spec></Spec>
    <subType>SharedFlow</subType>
    <SharedFlows>
        <SharedFlow>default</SharedFlow>
    </SharedFlows>
</SharedFlowBundle>
