<?xml version="1.0" encoding="UTF-8" standalone="yes"?>
<Manifest name="manifest">
    <Policies>
        <VersionInfo resourceName="MessageLogging" version="SHA-512:8f833aee22834e07e866b055fbec24d2a573bc4ea32dd7f1715121ce0b982aaa263acade508e1365d5f14b9c31119579a338c0833c83a72b30b22119194fdfd0"/>
        <VersionInfo resourceName="StatisticsCollector" version="SHA-512:b19b4c17de00017ecdbe656ef6a5d729cbb7be96d21a1a482cd0cccd813813a17ab4964dfc69d84c7a03817e8faf9f948e499fe7fb0fdce9ede8fa06076d1095"/>
    </Policies>
    <ProxyEndpoints/>
    <Resources/>
    <SharedFlows>
        <VersionInfo resourceName="default" version="SHA-512:4ef285a81660813eb2e89b67afc5d042328cfed87ae9be30187c28eeb56d61eccc924ca9774504082b50efc77965e899f2030a33ac6d0e4b93635e1dd45ca460"/>
    </SharedFlows>
    <TargetEndpoints/>
</Manifest>
